path,working_present,corrected_present,archive_relationship,responsibility,planned_disposition,preflight_read,full_independent_review,working_sha256,corrected_sha256
.dockerignore,True,True,identical,Packaging/configuration/manifest,"Review runtime pins, credentials, build ownership and reproducibility",manifest/identity only,pending,bfbf639dc0ff9457a8d5c7086d3804bc7a77eccb5e59ebd10f09f49eba0264c4,bfbf639dc0ff9457a8d5c7086d3804bc7a77eccb5e59ebd10f09f49eba0264c4
.env.example,True,True,identical,Packaging/configuration/manifest,"Review runtime pins, credentials, build ownership and reproducibility",manifest/identity only,pending,e00f419e4419fd814b1e7934d917291bb8a35293469fe94125eba6762d06b9ef,e00f419e4419fd814b1e7934d917291bb8a35293469fe94125eba6762d06b9ef
.gitignore,True,True,identical,Packaging/configuration/manifest,"Review runtime pins, credentials, build ownership and reproducibility",manifest/identity only,pending,add78e3a3c39073e516d4a0a4bb48bea4b044acac00f24f30c6607b38a1e660c,add78e3a3c39073e516d4a0a4bb48bea4b044acac00f24f30c6607b38a1e660c
.python-version,True,True,identical,Packaging/configuration/manifest,"Review runtime pins, credentials, build ownership and reproducibility",manifest/identity only,pending,49a506dd32096b010d75205acf3430c9ae6c40351888129499e5a5e487126c93,49a506dd32096b010d75205acf3430c9ae6c40351888129499e5a5e487126c93
BUILD_MANIFEST.json,True,True,changed,Packaging/configuration/manifest,"Review runtime pins, credentials, build ownership and reproducibility",manifest/identity only,pending,1f4c4304db5a2064eac4227490031fd1d20bbdb045ddf585312ffd3348ebbdc3,56a0029e778dbeae800e5cf2454c756e2d3c8f96bfb84bd97062b85b945c2fb8
BUILD_REPORT.md,False,True,corrected_only,Documentation or claimed evidence,Compare claims to source and independent execution; reconcile documentation,manifest/identity only,pending,,de4e661609ec8318e69d8fb500b1784ac65744e806b1b9e25ce00f8f0814193a
Dockerfile,True,True,identical,Packaging/configuration/manifest,"Review runtime pins, credentials, build ownership and reproducibility",targeted working excerpts read,pending,b1f42a3fd0cd75010d6d7c75ffe1e9ecbaed08876173ac7713bba4a70e4cb368,b1f42a3fd0cd75010d6d7c75ffe1e9ecbaed08876173ac7713bba4a70e4cb368
README.md,True,True,changed,Documentation or claimed evidence,Compare claims to source and independent execution; reconcile documentation,manifest/identity only,pending,239b3fc3671b68ab38869d9fd1f6433b3d4e1bc386a9ca080560f72399aa5654,96afcf04dc6c3284d07e9f2f63d10b671eca0bfc29ea460ade90b231c2c70cfc
capabilities/__init__.py,True,True,identical,Inspection/preparation capability,Review actual behavior and availability; adopt only verified capability,manifest/identity only,pending,f55e7e0712cecbfa29fd2a0a5752c49600650b5d0b85aa58e8a71df882c2c0cd,f55e7e0712cecbfa29fd2a0a5752c49600650b5d0b85aa58e8a71df882c2c0cd
capabilities/advisor/__init__.py,True,True,identical,Inspection/preparation capability,Review actual behavior and availability; adopt only verified capability,manifest/identity only,pending,d07755322232fb4d57e8d4a0f8ebb5c6db32433d71092180424a280ac605b15c,d07755322232fb4d57e8d4a0f8ebb5c6db32433d71092180424a280ac605b15c
capabilities/advisor/tools/__init__.py,True,True,identical,Inspection/preparation capability,Review actual behavior and availability; adopt only verified capability,manifest/identity only,pending,77c0b02dc939bf879beae10cbb93390f0933cf847f8d85a6f018b6123b948a6f,77c0b02dc939bf879beae10cbb93390f0933cf847f8d85a6f018b6123b948a6f
capabilities/advisor/tools/checklist.py,True,True,identical,Inspection/preparation capability,Review actual behavior and availability; adopt only verified capability,manifest/identity only,pending,7da594a6f122a462c4b6d4a9608f049af5af6efecededf72746fe7b7d29cc7a0,7da594a6f122a462c4b6d4a9608f049af5af6efecededf72746fe7b7d29cc7a0
capabilities/researcher/__init__.py,True,True,identical,Inspection/preparation capability,Review actual behavior and availability; adopt only verified capability,manifest/identity only,pending,7f546a7ef7a6aa66eb41c270b9ed1f00963e0bddb997627f1bf1781df1ccc14d,7f546a7ef7a6aa66eb41c270b9ed1f00963e0bddb997627f1bf1781df1ccc14d
capabilities/researcher/tools/__init__.py,True,True,identical,Inspection/preparation capability,Review actual behavior and availability; adopt only verified capability,manifest/identity only,pending,5d67f037f7ee7e3ceec58049af6f76822dbe84eb9958541579f19748fdeeb139,5d67f037f7ee7e3ceec58049af6f76822dbe84eb9958541579f19748fdeeb139
capabilities/researcher/tools/web_browser.py,True,True,identical,Inspection/preparation capability,Review actual behavior and availability; adopt only verified capability,working content read,pending,41ddc13cbf782b461d663aa7c195ddabf334236cb7ca7b10dccfc60489837a8e,41ddc13cbf782b461d663aa7c195ddabf334236cb7ca7b10dccfc60489837a8e
capabilities/researcher/tools/web_extraction.py,True,True,identical,Inspection/preparation capability,Review actual behavior and availability; adopt only verified capability,working content read,pending,5444524dfd770048a0b96cf3e0d7e9782393a4d3681e9cff8107eadeba2c2332,5444524dfd770048a0b96cf3e0d7e9782393a4d3681e9cff8107eadeba2c2332
capabilities/scanner/__init__.py,True,True,identical,Inspection/preparation capability,Review actual behavior and availability; adopt only verified capability,manifest/identity only,pending,6c81bbc5e3ccf088a679a06778ccb69ff7405bc1e494f750a4639a02edfe0bf1,6c81bbc5e3ccf088a679a06778ccb69ff7405bc1e494f750a4639a02edfe0bf1
capabilities/scanner/scanner.py,True,True,identical,Inspection/preparation capability,Review actual behavior and availability; adopt only verified capability,working content read,pending,62b49266340a8217c44dd661cd7e4b28f7e5f955ef47497955d31bf0c3c1e2ad,62b49266340a8217c44dd661cd7e4b28f7e5f955ef47497955d31bf0c3c1e2ad
capabilities/scanner/tools/__init__.py,True,True,identical,Inspection/preparation capability,Review actual behavior and availability; adopt only verified capability,manifest/identity only,pending,5b72c6815a4ab6934d48fd61107196f6ff4c9bf4837438d4102cdc3a76d54c50,5b72c6815a4ab6934d48fd61107196f6ff4c9bf4837438d4102cdc3a76d54c50
capabilities/scanner/tools/read.py,True,True,identical,Inspection/preparation capability,Review actual behavior and availability; adopt only verified capability,working content read,pending,609b0671adaaa2b1b326fc57b6dbfe15e7eea42163d0851d3eb7181566964b44,609b0671adaaa2b1b326fc57b6dbfe15e7eea42163d0851d3eb7181566964b44
capabilities/scanner/tools/view.py,True,True,identical,Inspection/preparation capability,Review actual behavior and availability; adopt only verified capability,manifest/identity only,pending,a6264f1fee78c26157da6af59644e91eae71203f8235311ea3b07752b5ab2bb2,a6264f1fee78c26157da6af59644e91eae71203f8235311ea3b07752b5ab2bb2
compose.yaml,True,True,identical,Packaging/configuration/manifest,"Review runtime pins, credentials, build ownership and reproducibility",targeted working excerpts read,pending,85d086385e919f14984324a870255ae736b471a90b57ad3e9561a2523c18b6f1,85d086385e919f14984324a870255ae736b471a90b57ad3e9561a2523c18b6f1
docs/API.md,True,True,identical,Documentation or claimed evidence,Compare claims to source and independent execution; reconcile documentation,working content read,pending,c8d3d9817dff889317b589429b5b63602c83e5e3b82ce5f84305443e6c1a7786,c8d3d9817dff889317b589429b5b63602c83e5e3b82ce5f84305443e6c1a7786
docs/GENERATE_STAGE.md,True,True,identical,Documentation or claimed evidence,Compare claims to source and independent execution; reconcile documentation,working content read,pending,b98c3bddae1974fb58a4dad0aab052cf9d545c0da2882b64db72a7619f9c1418,b98c3bddae1974fb58a4dad0aab052cf9d545c0da2882b64db72a7619f9c1418
docs/INPUT_CONTEXT_OPTIMIZATION.md,True,False,working_only,Documentation or claimed evidence,Compare claims to source and independent execution; reconcile documentation,manifest/identity only,pending,540c8da80c7092beafcdd50530cee9a4e94a218d79ed3cee9f5e7f0dec0c61be,
docs/PRE_SEND_CONTEXT_REVIEW.md,True,False,working_only,Documentation or claimed evidence,Compare claims to source and independent execution; reconcile documentation,manifest/identity only,pending,e2337c178cff22c2627d3a80e966c11d081ce6175ae5d5038c74067bd3ffa320,
docs/SYSTEM_BACKGROUND.md,True,True,identical,Documentation or claimed evidence,Compare claims to source and independent execution; reconcile documentation,manifest/identity only,pending,be6a205dbb556840862a63dc5c73d3ca26a22616ab7a13c84279672afc70ef49,be6a205dbb556840862a63dc5c73d3ca26a22616ab7a13c84279672afc70ef49
frontend/README.md,True,True,changed,Incoming UI and browser client,Port reviewed behavior into existing ui; reconcile IDs and state ownership,manifest/identity only,pending,4fe7b479a59e90b49f445fdc477156da83baef7253b5f2f9bdbbdae7db6d880b,6418df55a75a65cc2b8fc2cd8b53b048fce0156b70edfe9a5030e0f9b7088fc6
frontend/api/client.js,True,True,changed,Incoming UI and browser client,Port reviewed behavior into existing ui; reconcile IDs and state ownership,working content read,pending,dfe294006c3f06100b6b4191ee4252de10395d8f805a1d0abace8becb914f330,f7d5aa87cfc2864fecfbb24ab41efa858e45c0ca0ac0b2c28e3e52ac68a15056
frontend/app.js,True,True,changed,Incoming UI and browser client,Port reviewed behavior into existing ui; reconcile IDs and state ownership,targeted working excerpts read,pending,3a68e669e66e6c9e179f2246706dc856cc43d8b9d6f4d759bd8b540d803b947f,6b6eb6a745039100042bf1eaf4911a791a23d088d619dc50c06ee0377bf51a8d
frontend/build.mjs,True,True,changed,Incoming UI and browser client,Port reviewed behavior into existing ui; reconcile IDs and state ownership,manifest/identity only,pending,d3a1ea84452c7d2397e0f2e3585c1454debc3af2db40073b804e0c6605285f07,c4291e470038ed1f20062e851de48cb79b2d298a16c4ba6688a3c23646ef019c
frontend/dist/api/client.js,True,True,changed,Generated frontend asset,Regenerate from accepted source; verify bytes and serving path,manifest/identity only,pending,dfe294006c3f06100b6b4191ee4252de10395d8f805a1d0abace8becb914f330,f7d5aa87cfc2864fecfbb24ab41efa858e45c0ca0ac0b2c28e3e52ac68a15056
frontend/dist/app.js,True,True,changed,Generated frontend asset,Regenerate from accepted source; verify bytes and serving path,manifest/identity only,pending,3a68e669e66e6c9e179f2246706dc856cc43d8b9d6f4d759bd8b540d803b947f,6b6eb6a745039100042bf1eaf4911a791a23d088d619dc50c06ee0377bf51a8d
frontend/dist/index.html,True,True,changed,Generated frontend asset,Regenerate from accepted source; verify bytes and serving path,manifest/identity only,pending,e449eaa448994d6f214f5413f7d80af2abbb4689bf4b1125993a9cafef1f094d,635ca488e37a1ecac2115e0928cb7df32c3a5e60588ddf65b7340f29c8fba069
frontend/dist/presend.js,True,False,working_only,Generated frontend asset,Regenerate from accepted source; verify bytes and serving path,manifest/identity only,pending,90a790b05bd7051515464ab69b03b7269ea27b86d8cb3b89e1c90b58608c1f36,
frontend/dist/styles.css,True,True,changed,Generated frontend asset,Regenerate from accepted source; verify bytes and serving path,manifest/identity only,pending,80d60d6cf5253cab45a6686cb9b3153d806c2a4537dc01aa009cfa4aa93912eb,702b4a6bdbfa6e11d4f3ed2c1ce8905414f3242b15fe99e1dc9345a8d0ac8c53
frontend/dist/workspace.js,True,True,identical,Generated frontend asset,Regenerate from accepted source; verify bytes and serving path,manifest/identity only,pending,890b5e47df59e4bf40095942a2903b58e243d7ec688cec4dfa8af5ee9aed1201,890b5e47df59e4bf40095942a2903b58e243d7ec688cec4dfa8af5ee9aed1201
frontend/index.html,True,True,changed,Incoming UI and browser client,Port reviewed behavior into existing ui; reconcile IDs and state ownership,manifest/identity only,pending,e449eaa448994d6f214f5413f7d80af2abbb4689bf4b1125993a9cafef1f094d,635ca488e37a1ecac2115e0928cb7df32c3a5e60588ddf65b7340f29c8fba069
frontend/package-lock.json,True,True,identical,Incoming UI and browser client,Port reviewed behavior into existing ui; reconcile IDs and state ownership,manifest/identity only,pending,497e534dd00394dbf362529f9ece9470d7a1c41f93d9fcb539a1c665b9b5ac20,497e534dd00394dbf362529f9ece9470d7a1c41f93d9fcb539a1c665b9b5ac20
frontend/package.json,True,True,changed,Incoming UI and browser client,Port reviewed behavior into existing ui; reconcile IDs and state ownership,working content read,pending,60f952e1a4f468612306177a864ad1d72e1763d4edc67d210412e4443311632e,5858e1169b46b21a0b52e6d73d1c301dc1b33a20988876bffe58360cde469aff
frontend/presend.js,True,False,working_only,Incoming UI and browser client,Port reviewed behavior into existing ui; reconcile IDs and state ownership,working content read,pending,90a790b05bd7051515464ab69b03b7269ea27b86d8cb3b89e1c90b58608c1f36,
frontend/styles.css,True,True,changed,Incoming UI and browser client,Port reviewed behavior into existing ui; reconcile IDs and state ownership,manifest/identity only,pending,80d60d6cf5253cab45a6686cb9b3153d806c2a4537dc01aa009cfa4aa93912eb,702b4a6bdbfa6e11d4f3ed2c1ce8905414f3242b15fe99e1dc9345a8d0ac8c53
frontend/tests/background.test.mjs,True,True,identical,Verification,Review fixtures/assertions; adapt to current UI and run independently,manifest/identity only,pending,603c25eee9d89a1867e7fdfae227a07be566917d1c1bf782cff4112ef64d2f30,603c25eee9d89a1867e7fdfae227a07be566917d1c1bf782cff4112ef64d2f30
frontend/tests/layout.test.mjs,True,True,changed,Verification,Review fixtures/assertions; adapt to current UI and run independently,manifest/identity only,pending,fa43bdd1c2e2a06b20c176f78003e458d7b4302247c590e5e5053eabe312586e,c5e36cc4c3c9843bb61049f59c4a22c2a237153ffe419139baeedd0d3823f772
frontend/tests/presend.test.mjs,True,False,working_only,Verification,Review fixtures/assertions; adapt to current UI and run independently,manifest/identity only,pending,8220584780b8af80c1831f74d01ad3232cc8c15c242ef8db796f30a9e0252103,
frontend/workspace.js,True,True,identical,Incoming UI and browser client,Port reviewed behavior into existing ui; reconcile IDs and state ownership,working content read,pending,890b5e47df59e4bf40095942a2903b58e243d7ec688cec4dfa8af5ee9aed1201,890b5e47df59e4bf40095942a2903b58e243d7ec688cec4dfa8af5ee9aed1201
pyproject.toml,True,True,identical,Packaging/configuration/manifest,"Review runtime pins, credentials, build ownership and reproducibility",working content read,pending,d09cea940ba73be04e587ff77bdf10d00d6e0e0d6991c935b7b70cf68114a512,d09cea940ba73be04e587ff77bdf10d00d6e0e0d6991c935b7b70cf68114a512
scripts/__init__.py,True,True,identical,Operational tooling,Review side effects and paths; adapt and execute in isolated data directory,manifest/identity only,pending,f55e7e0712cecbfa29fd2a0a5752c49600650b5d0b85aa58e8a71df882c2c0cd,f55e7e0712cecbfa29fd2a0a5752c49600650b5d0b85aa58e8a71df882c2c0cd
scripts/backup.py,True,True,identical,Operational tooling,Review side effects and paths; adapt and execute in isolated data directory,manifest/identity only,pending,b925984bea8c0121c8fc46e16bd3c1a70e64435867f08d94ac9faf0d5455a70d,b925984bea8c0121c8fc46e16bd3c1a70e64435867f08d94ac9faf0d5455a70d
scripts/benchmark_background.py,True,True,identical,Operational tooling,Review side effects and paths; adapt and execute in isolated data directory,manifest/identity only,pending,ad5c852fd6ae86e67d1c50516cce0260b783a7811dc944d8f21f3fdb75724a55,ad5c852fd6ae86e67d1c50516cce0260b783a7811dc944d8f21f3fdb75724a55
scripts/smoke_http.py,True,True,identical,Operational tooling,Review side effects and paths; adapt and execute in isolated data directory,manifest/identity only,pending,dd2c4a828470085e7ed50ead874e3b5725a98f47cca21b8b50e231c184c8eff6,dd2c4a828470085e7ed50ead874e3b5725a98f47cca21b8b50e231c184c8eff6
systems/__init__.py,True,True,identical,System backend,Review and adapt implementation/contracts to accepted UI behavior,manifest/identity only,pending,f55e7e0712cecbfa29fd2a0a5752c49600650b5d0b85aa58e8a71df882c2c0cd,f55e7e0712cecbfa29fd2a0a5752c49600650b5d0b85aa58e8a71df882c2c0cd
systems/__main__.py,True,True,identical,System backend,Review and adapt implementation/contracts to accepted UI behavior,manifest/identity only,pending,7ec3b99bd7825162e6d1e455889986eef3e565194da4db6d1cfebfd0d6ddab1a,7ec3b99bd7825162e6d1e455889986eef3e565194da4db6d1cfebfd0d6ddab1a
systems/api.py,True,True,identical,System backend,Review and adapt implementation/contracts to accepted UI behavior,targeted working excerpts read,pending,e4edb6a13bb39079a8600aa171ae03f3b08d6c978c56d5ccd92024251d01103d,e4edb6a13bb39079a8600aa171ae03f3b08d6c978c56d5ccd92024251d01103d
systems/apply.py,True,True,identical,System backend,Review and adapt implementation/contracts to accepted UI behavior,manifest/identity only,pending,34393e7f10a4014cad8c84f7bf2ee1328b22788ab479af075f9145b9612e5bb7,34393e7f10a4014cad8c84f7bf2ee1328b22788ab479af075f9145b9612e5bb7
systems/auto_generator/__init__.py,True,True,identical,System backend,Review and adapt implementation/contracts to accepted UI behavior,manifest/identity only,pending,1d080c1a7e3029eff099d5229aa44a3371a8e5abce9e8e0912fd0375d8c13665,1d080c1a7e3029eff099d5229aa44a3371a8e5abce9e8e0912fd0375d8c13665
systems/auto_generator/generator.py,True,True,changed,System backend,Review and adapt implementation/contracts to accepted UI behavior,working content read,pending,f2e67c6fbac2dcf36bec9f86c5a7034b41734d0c0707fbdf18c7928886d0703b,acedba08330818bd93ef7deb4b89df4300b57fc4ca3b298ae59e66657b493235
systems/background.py,True,True,identical,System backend,Review and adapt implementation/contracts to accepted UI behavior,manifest/identity only,pending,4595a9ce3330f59880bc0b82105363c0dc39c51353b4a04cd23f50bc34ae8f23,4595a9ce3330f59880bc0b82105363c0dc39c51353b4a04cd23f50bc34ae8f23
systems/contracts.py,True,True,changed,System backend,Review and adapt implementation/contracts to accepted UI behavior,working content read,pending,f96d2c893a42bd6ac57379f9f25cd629171f836224102a2be803886f9e455722,0b2abe86ec059a741f47cd308b60a09ae30de88a6b09ede841ff807ef5073726
systems/file_store.py,True,True,identical,System backend,Review and adapt implementation/contracts to accepted UI behavior,manifest/identity only,pending,b8c139b591047f2dbe9dbe1f971448f39fb6c1b7523a0b42e8b44c1e616d43da,b8c139b591047f2dbe9dbe1f971448f39fb6c1b7523a0b42e8b44c1e616d43da
systems/generation.py,True,True,changed,System backend,Review and adapt implementation/contracts to accepted UI behavior,working content read,pending,08cb9de9759ad8cb80413bc858ee5b4a47ebd73d7f6a1d845f4c504b7d6032ac,f7ad093c64df37e19d09403fbf9875d1e4bf74939452063797aaf945bb4f8f30
systems/input_context.py,True,False,working_only,System backend,Review and adapt implementation/contracts to accepted UI behavior,working content read,pending,295043cc4a393b9619c4f664b9fd8db6f7427cdf41e37424853c297195f2288c,
systems/operations.py,True,True,changed,System backend,Review and adapt implementation/contracts to accepted UI behavior,targeted working excerpts read,pending,f05c03c824515f37136dd0b8fedec83097471a851b9629b3a1aa0e1237b7583e,e0e2bf49ebd371de6e5b554ecb5c36b4b1ef6c0f77263e324cdc7c931e74fc61
systems/settings.py,True,True,identical,System backend,Review and adapt implementation/contracts to accepted UI behavior,working content read,pending,e03130fdbacb19a3d3794dbc85509ad341c2b9e15b35238c347251d6eb563946,e03130fdbacb19a3d3794dbc85509ad341c2b9e15b35238c347251d6eb563946
systems/store.py,True,True,changed,System backend,Review and adapt implementation/contracts to accepted UI behavior,targeted working excerpts read,pending,ebc2e82a9502dbd906ecc5e032c8653320584eea8dea030336597ad262f97aaf,707870da726f05434f5656b0fc31290b0df68561c63eaae837b978bc334c3e93
tests/__init__.py,True,True,identical,Verification,Review fixtures/assertions; adapt to current UI and run independently,manifest/identity only,pending,f55e7e0712cecbfa29fd2a0a5752c49600650b5d0b85aa58e8a71df882c2c0cd,f55e7e0712cecbfa29fd2a0a5752c49600650b5d0b85aa58e8a71df882c2c0cd
tests/conftest.py,True,True,identical,Verification,Review fixtures/assertions; adapt to current UI and run independently,manifest/identity only,pending,f1fde6cde05cab4e02f727af4612a3dda5530cac698c5d9489af65b3f505209c,f1fde6cde05cab4e02f727af4612a3dda5530cac698c5d9489af65b3f505209c
tests/e2e_browser.py,True,True,identical,Verification,Review fixtures/assertions; adapt to current UI and run independently,manifest/identity only,pending,462c925668fd2146923d091238cd6049ff617a88591fa28dbbd2c430eb37577c,462c925668fd2146923d091238cd6049ff617a88591fa28dbbd2c430eb37577c
tests/e2e_http.py,True,True,identical,Verification,Review fixtures/assertions; adapt to current UI and run independently,manifest/identity only,pending,0335620ab0d2f71a8c495efb679bb58f3d27e94d581f7fabd87782f60c86aba1,0335620ab0d2f71a8c495efb679bb58f3d27e94d581f7fabd87782f60c86aba1
tests/e2e_presend.py,True,False,working_only,Verification,Review fixtures/assertions; adapt to current UI and run independently,manifest/identity only,pending,62a695f2080f76fdf5887ac4b059936ab951ed350b6a41dc45d5dd505fcb1c16,
tests/test_background.py,True,True,changed,Verification,Review fixtures/assertions; adapt to current UI and run independently,manifest/identity only,pending,d9acc370758aa4e0689d44b52e2e71776f309cb5bdf1198101d9b56592fb0f33,1b0972e76b1b8bb8975d86c40c87f6ef09ec82c3da0c2cb301c3d6bf1f8f69a9
tests/test_contracts.py,True,True,identical,Verification,Review fixtures/assertions; adapt to current UI and run independently,manifest/identity only,pending,8522b07fd59ac2dfbb0e3435cb698a2d5512bed35d853b7ffcb2ab26c3c9726a,8522b07fd59ac2dfbb0e3435cb698a2d5512bed35d853b7ffcb2ab26c3c9726a
tests/test_generation_boundary.py,True,True,identical,Verification,Review fixtures/assertions; adapt to current UI and run independently,manifest/identity only,pending,194691cdb8769249efd1b25bc7cca78c965e618c30443b14edc8a9b8917fac64,194691cdb8769249efd1b25bc7cca78c965e618c30443b14edc8a9b8917fac64
tests/test_input_context.py,True,False,working_only,Verification,Review fixtures/assertions; adapt to current UI and run independently,manifest/identity only,pending,5917411547b7336b7a2a53476967b8b333bbbf0f7ef0d272373d77c33ee5eaea,
tests/test_message_idempotency.py,True,False,working_only,Verification,Review fixtures/assertions; adapt to current UI and run independently,manifest/identity only,pending,c3e8be941aa8b88cca4e09e5efb945aa994cc37d0112f37a40acda916b38fd9e,
tests/test_presend_message.py,True,False,working_only,Verification,Review fixtures/assertions; adapt to current UI and run independently,manifest/identity only,pending,2ee4c597c6c9736bf8bb30d1705afc4a62bc0ff35d7775e5f2c6e7170a526e6f,
tests/test_provider.py,True,True,identical,Verification,Review fixtures/assertions; adapt to current UI and run independently,manifest/identity only,pending,e95a31d654383baf7ec69364ab36daced702c858314e6e89b1d67021a56154b0,e95a31d654383baf7ec69364ab36daced702c858314e6e89b1d67021a56154b0
tests/test_store.py,True,True,identical,Verification,Review fixtures/assertions; adapt to current UI and run independently,manifest/identity only,pending,8e018feb2043f03c5515748188250b80d05b5f22d4063543cb9c46c6f5663a5a,8e018feb2043f03c5515748188250b80d05b5f22d4063543cb9c46c6f5663a5a
tests/test_workflow.py,True,True,changed,Verification,Review fixtures/assertions; adapt to current UI and run independently,manifest/identity only,pending,f4c265943864fb216c5021d03459d7cb9e4eb356bd8bc3de1ffd5affd556e82d,2d5de92ff32093ae06b85945f5cf7e5ad00b96cf2c4df33eca611f3acd3d1428
